tcnr,cvr_rmse_mean,cvr_rmse_std,cvr_mae_mean,cvr_mae_std,cvr_bias_mean,cvr_bias_std,cvr_pcc_mean,cvr_pcc_std,delay_rmse_mean,delay_rmse_std,delay_mae_mean,delay_mae_std,delay_bias_mean,delay_bias_std,delay_pcc_mean,delay_pcc_std
0.5,0.31072962083050243,0.018339566803854027,0.22868458629051056,0.018131880317981318,0.04096535911256008,0.03578897343010675,0.7708935232909101,0.048700014672141766,2.6652121473335137,0.0186683122846461,2.063757016879679,0.04570787197579965,0.12393356585324823,0.3163601500169626,0.3751809706169165,0.10291747918344644
1.0,0.15588808262500714,0.006908752813985257,0.11466530124536731,0.00813392363519942,0.012550952031498985,0.017460183259924694,0.9235781206358377,0.011619494936414586,1.8241487676426797,0.1816057063109512,1.311861623509785,0.10775020690965163,0.023933565853248226,0.1539532916554809,0.6727083562104679,0.09301966191923686
2.0,0.07808821760156968,0.0039002676083777807,0.05697835059650908,0.004297535516402825,0.002688460813521361,0.009020442327206588,0.9792118463098313,0.0024420357603124887,0.8427175786611881,0.12392692371535434,0.633675225514261,0.08484915808003034,0.01837801029769267,0.09567964156049545,0.9258729523387212,0.02263348135312814
5.0,0.031651460449491534,0.0016391433869192256,0.02307830828324339,0.0015793951925173876,0.00034917638628945017,0.003608233437519086,0.9965000007995629,0.000332080685428738,0.38711206101055107,0.03413721067799554,0.3230799178977101,0.03842827528040667,-0.007219043693200787,0.022749183892561774,0.9842741852579779,0.0020220300690504183
